,Bin Edges,Logistic Regression (m_Z' = 350) - Signal,Logistic Regression (m_Z' = 350) - Background,Logistic Regression (m_Z' = 500) - Signal,Logistic Regression (m_Z' = 500) - Background,Logistic Regression (m_Z' = 1000) - Signal,Logistic Regression (m_Z' = 1000) - Background,Logistic Regression (m_Z' = 2000) - Signal,Logistic Regression (m_Z' = 2000) - Background,Logistic Regression (m_Z' = 4000) - Signal,Logistic Regression (m_Z' = 4000) - Background,Random Forest (m_Z' = 350),Random Forest (m_Z' = 350),Random Forest (m_Z' = 500),Random Forest (m_Z' = 500),Random Forest (m_Z' = 1000),Random Forest (m_Z' = 1000),Random Forest (m_Z' = 2000),Random Forest (m_Z' = 2000),Random Forest (m_Z' = 4000),Random Forest (m_Z' = 4000),Gradient Boosting (m_Z' = 350),Gradient Boosting (m_Z' = 350),Gradient Boosting (m_Z' = 500),Gradient Boosting (m_Z' = 500),Gradient Boosting (m_Z' = 1000),Gradient Boosting (m_Z' = 1000),Gradient Boosting (m_Z' = 2000),Gradient Boosting (m_Z' = 2000),Gradient Boosting (m_Z' = 4000),Gradient Boosting (m_Z' = 4000),"Logistic Regression (m_Z' = 350, smeared data)","Logistic Regression (m_Z' = 350, smeared data)","Logistic Regression (m_Z' = 500, smeared data)","Logistic Regression (m_Z' = 500, smeared data)","Logistic Regression (m_Z' = 1000, smeared data)","Logistic Regression (m_Z' = 1000, smeared data)","Logistic Regression (m_Z' = 2000, smeared data)","Logistic Regression (m_Z' = 2000, smeared data)","Logistic Regression (m_Z' = 4000, smeared data)","Logistic Regression (m_Z' = 4000, smeared data)","Gradient Boosting (m_Z' = 350, smeared data)","Gradient Boosting (m_Z' = 350, smeared data)","Gradient Boosting (m_Z' = 500, smeared data)","Gradient Boosting (m_Z' = 500, smeared data)","Gradient Boosting (m_Z' = 1000, smeared data)","Gradient Boosting (m_Z' = 1000, smeared data)","Gradient Boosting (m_Z' = 2000, smeared data)","Gradient Boosting (m_Z' = 2000, smeared data)","Gradient Boosting (m_Z' = 4000, smeared data)","Gradient Boosting (m_Z' = 4000, smeared data)"
0,1.3202167e-07,557.1278994165127,178460894.68576476,353.0473255929606,342666695.42306334,73.3278974656471,760533032.0325483,4.38952195167911,830390073.8142136,0.11904768841647657,810018442.515337,380966772.2264514,380966772.2264514,526681700.18830884,526681700.18830884,710802856.2843063,710802856.2843063,776441740.7451924,776441740.7451924,742028462.0577748,742028462.0577748,675626705.7568078,675626705.7568078,748300573.0891408,748300573.0891408,819780137.9493829,819780137.9493829,836470018.5595129,836470018.5595129,823238310.7091585,823238310.7091585,169328458.2862898,169328458.2862898,332873381.2051897,332873381.2051897,757769673.7851088,757769673.7851088,828190784.3657598,828190784.3657598,809143965.1463286,809143965.1463286,610916078.2620156,610916078.2620156,721738085.3768593,721738085.3768593,815958672.4710566,815958672.4710566,834986048.518845,834986048.518845,818814705.5693939,818814705.5693939
1,0.019978274,946.5183667506346,59057794.01434051,612.7079392548801,117958073.00750153,38.19652536795765,28455399.054449864,1.190582666345841,9457418.12312322,0.0467149157077313,21636106.791011468,111188358.92864297,111188358.92864297,95810116.19055252,95810116.19055252,59862489.32248888,59862489.32248888,40031136.23798077,40031136.23798077,60910305.46095597,60910305.46095597,40282641.11460823,40282641.11460823,27245751.516703166,27245751.516703166,12082939.978070522,12082939.978070522,7639824.338047853,7639824.338047853,13534619.109771382,13534619.109771382,54034440.27821342,54034440.27821342,121906216.83025539,121906216.83025539,27996551.46440537,27996551.46440537,9906047.675468203,9906047.675468203,21813779.42637721,21813779.42637721,51066756.679492615,51066756.679492615,33209700.74717322,33209700.74717322,14172061.594676226,14172061.594676226,8711109.746806636,8711109.746806636,16296626.28358404,16296626.28358404
2,0.039956417,1743.2711691419913,55671224.855635665,774.4263916232684,67419777.61973692,31.1230947442618,12162885.372010333,0.9380348280300567,3465208.9574948214,0.03422890137110267,7177790.413732201,57438130.41387877,57438130.41387877,46781908.77038344,46781908.77038344,22562289.334508598,22562289.334508598,13271806.009615386,13271806.009615386,18682630.23358308,18682630.23358308,20480492.31018269,20480492.31018269,12840069.996806676,12840069.996806676,5157853.149643304,5157853.149643304,2979223.2963252496,2979223.2963252496,5553104.506562648,5553104.506562648,57150494.81897225,57150494.81897225,69679773.21645086,69679773.21645086,12138915.721785355,12138915.721785355,3968582.5288170218,3968582.5288170218,7331758.516777648,7331758.516777648,25946332.911141157,25946332.911141157,15578926.338858878,15578926.338858878,5315380.302701281,5315380.302701281,3174213.930600654,3174213.930600654,6430895.374169378,6430895.374169378
3,0.059934556,2180.586617071083,51007415.76144351,849.5913061043505,45217033.03715913,29.2368465779429,7255955.547097384,0.5411739392481092,2009958.1601279255,0.022603991471482898,3719026.9032982676,36680413.317841254,36680413.317841254,27719188.368925035,27719188.368925035,12652551.083777392,12652551.083777392,6755746.454326922,6755746.454326922,9628950.91950799,9628950.91950799,13145472.457240539,13145472.457240539,7889722.839553301,7889722.839553301,2849491.2486741226,2849491.2486741226,1719045.765700695,1719045.765700695,3148702.8641287903,3148702.8641287903,51260809.31336215,51260809.31336215,46182667.520284675,46182667.520284675,7423743.09868283,7423743.09868283,2208572.675657446,2208572.675657446,3811418.6030703033,3811418.6030703033,17310127.644477706,17310127.644477706,9803626.976628132,9803626.976628132,3140594.0215626056,3140594.0215626056,1684696.0667265602,1684696.0667265602,3314858.564624688,3314858.564624688
4,0.0799127,2498.089613512751,43926096.22635589,986.2547869790452,32276846.149811596,33.71668597295027,4910354.06065958,0.5772522018646501,1260075.9845435712,0.01959012594195185,2342370.535779019,26181706.51869065,26181706.51869065,19179144.41684362,19179144.41684362,8464710.765655672,8464710.765655672,3958257.932692307,3958257.932692307,5879412.776954205,5879412.776954205,9534494.830919778,9534494.830919778,5728014.150122935,5728014.150122935,1835729.9390496751,1835729.9390496751,1181416.3548246375,1181416.3548246375,1896767.629480633,1896767.629480633,45134851.54037586,45134851.54037586,32978814.479710955,32978814.479710955,5119232.441204259,5119232.441204259,1321719.4617112777,1321719.4617112777,2424514.2596350177,2424514.2596350177,12669870.924909374,12669870.924909374,6898848.613182762,6898848.613182762,2000117.7030166069,2000117.7030166069,1171068.9989810807,1171068.9989810807,2029365.326016355,2029365.326016355
5,0.09989084,3414.654867391528,39029439.101029366,1097.8632963600448,24394255.460562024,24.521226162145666,3670780.7203814965,0.4329391513984878,934784.6298380302,0.015284603756907477,1544457.7655502022,20113960.775672115,20113960.775672115,14190032.934011785,14190032.934011785,5721897.932609484,5721897.932609484,2739278.846153848,2739278.846153848,3787204.7357666595,3787204.7357666595,7794098.361603482,7794098.361603482,4409061.880174059,4409061.880174059,1380222.323576528,1380222.323576528,780761.8218720288,780761.8218720288,1327394.344681745,1327394.344681745,40019043.316316895,40019043.316316895,25315374.877842706,25315374.877842706,4047446.6525106602,4047446.6525106602,1078605.2602047985,1078605.2602047985,1513609.1846873993,1513609.1846873993,9897376.487280065,9897376.487280065,5583477.278792404,5583477.278792404,1476113.7137035897,1476113.7137035897,787561.0227065748,787561.0227065748,1323201.5337444432,1323201.5337444432
6,0.11986898,3941.8296539361854,33530116.483354896,1125.1959925349838,19634567.772440013,29.236846577942867,2804449.076485492,0.43293915139848765,756730.4146307865,0.014638775429150824,965714.1682597711,16162392.724067459,16162392.724067459,10834281.902319795,10834281.902319795,4609021.314956524,4609021.314956524,1985977.1634615366,1985977.1634615366,2598994.9316879655,2598994.9316879655,5885831.198256962,5885831.198256962,3312794.1074008998,3312794.1074008998,1051434.871806437,1051434.871806437,527356.6691591772,527356.6691591772,1004978.1472655071,1004978.1472655071,35279901.025756195,35279901.025756195,19867415.804307234,19867415.804307234,3003054.7497900575,3003054.7497900575,773856.4724009034,773856.4724009034,1205408.219479556,1205408.219479556,8334626.616474195,8334626.616474195,4302360.406235129,4302360.406235129,1058280.6672528652,1058280.6672528652,541020.1808158209,541020.1808158209,980402.4776839999,980402.4776839999
7,0.13984713,4624.760627414494,29811396.45670834,1168.472761478638,15939817.401588472,25.464350245305113,2376419.608157426,0.3487565386265595,571827.9603771097,0.01485405153840305,825308.9168461164,14128396.690572549,14128396.690572549,9094770.143034581,9094770.143034581,3657083.77739493,3657083.77739493,1414152.704326924,1414152.704326924,1982632.4972955661,1982632.4972955661,5101276.399705607,5101276.399705607,2932522.8977692267,2932522.8977692267,825393.4987144994,825393.4987144994,431473.79915334587,431473.79915334587,788890.401429868,788890.401429868,31047545.62753872,31047545.62753872,15994605.174408665,15994605.174408665,2355874.1936779465,2355874.1936779465,667708.0182220185,667708.0182220185,859538.2474129801,859538.2474129801,7052911.497601842,7052911.497601842,3404893.506208373,3404893.506208373,808266.7429998618,808266.7429998618,421174.25203662226,421174.25203662226,726732.448585031,726732.448585031
8,0.15982527,5301.700978318429,26688493.45090568,1359.80163470321,13649003.686945576,28.52950351557332,2003177.9117753513,0.30065218847117187,469104.374680623,0.01485405153840305,773941.1419386817,12001946.291918753,12001946.291918753,7642894.186465808,7642894.186465808,2835267.198205058,2835267.198205058,1020381.3701923082,1020381.3701923082,1558027.2647141318,1558027.2647141318,4244785.87693482,4244785.87693482,2473459.7338661,2473459.7338661,664424.6421187256,664424.6421187256,284224.8042041881,284224.8042041881,672272.3220679075,672272.3220679075,27202128.87009679,27202128.87009679,13905821.36871625,13905821.36871625,2184662.4063467,2184662.4063467,561559.5640431336,561559.5640431336,770502.4130196037,770502.4130196037,6436033.972675089,6436033.972675089,3069199.7802441684,3069199.7802441684,712370.6887456409,712370.6887456409,338993.65759978653,338993.65759978653,685596.6496085196,685596.6496085196
9,0.1798034,5864.819500309313,23661469.04615833,1439.5219985467816,11625280.360557007,20.748729829507845,1708693.6375656417,0.2766000133934782,383501.3866002173,0.010763805462610906,565045.5239817809,10991796.74666452,10991796.74666452,6478654.03261348,6478654.03261348,2273692.535758642,2273692.535758642,910810.2163461532,910810.2163461532,1099179.674666452,1099179.674666452,3919318.0332634654,3919318.0332634654,2254207.3657391854,2254207.3657391854,547979.0862834852,547979.0862834852,191765.99006786686,191765.99006786686,473334.24085792067,473334.24085792067,24606558.164717466,24606558.164717466,11813613.327276792,11813613.327276792,1784026.8239915846,1784026.8239915846,448562.82249786885,448562.82249786885,565035.1028810419,565035.1028810419,5130321.010167523,5130321.010167523,2599911.715361021,2599911.715361021,654147.5969103472,654147.5969103472,280782.62548669195,280782.62548669195,490201.23884199996,490201.23884199996
10,0.19978155,6703.506660721267,21038504.460144274,1528.353261115331,10286404.183538498,24.992788203725386,1355997.3556633147,0.3728087137042531,301322.51804302825,0.008180492151584276,486281.6024570479,10327495.01181939,10327495.01181939,5715049.461116234,5715049.461116234,1910723.546616452,1910723.546616452,695092.0072115388,695092.0072115388,910846.7086021081,910846.7086021081,3350605.8011640464,3350605.8011640464,1887640.3232136026,1887640.3232136026,458932.4847624188,458932.4847624188,198614.9234197941,198614.9234197941,449324.86832089734,449324.86832089734,22473259.28681335,22473259.28681335,10015889.5600825,10015889.5600825,1540906.0859812154,1540906.0859812154,407473.0982995908,407473.0982995908,414359.07544609794,414359.07544609794,4839020.218007042,4839020.218007042,2421790.4515989134,2421790.4515989134,534278.0165592306,534278.0165592306,260237.55532912907,260237.55532912907,380506.1405327285,380506.1405327285
11,0.21975969,7488.2782179638725,19062720.431253772,1553.408232609027,9159830.62282474,27.350598411624016,1332027.7054369412,0.3006521884711723,277353.6813805143,0.01033325324410647,407517.68093231536,9331042.40955167,9331042.40955167,5119232.4412035765,5119232.4412035765,1688148.2230858614,1688148.2230858614,599217.247596154,599217.247596154,719089.5067911379,719089.5067911379,3148473.140357626,3148473.140357626,1750607.8478612818,1750607.8478612818,482906.5697873212,482906.5697873212,263678.43281593354,263678.43281593354,360145.6180440701,360145.6180440701,20100263.905773964,20100263.905773964,9262557.695734413,9262557.695734413,1403936.6561162202,1403936.6561162202,349262.65568536305,349262.65568536305,417783.53061507404,417783.53061507404,4355806.857848368,4355806.857848368,2140903.8645676393,2140903.8645676393,404133.0703425181,404133.0703425181,198602.34485644058,198602.34485644058,397646.05677294143,397646.05677294143
12,0.23973782,8117.29358827286,16884906.49299665,1617.1845236838851,7916833.046718055,28.29372249478338,1112876.6176529746,0.24052175077693752,280777.8009037305,0.011194357681115343,373272.4976606916,8978346.127649339,8978346.127649339,4591900.136223403,4591900.136223403,1294361.1122240464,1294361.1122240464,517038.8822115381,517038.8822115381,612938.1986457786,612938.1986457786,2836709.205893487,2836709.205893487,1575889.6477811933,1575889.6477811933,452083.08307433885,452083.08307433885,154097.67059025014,154097.67059025014,329276.2393801996,329276.2393801996,18192964.587968815,18192964.587968815,8187347.671164874,8187347.671164874,1253270.2832647199,1253270.2832647199,277355.63833837694,277355.63833837694,376690.06858736125,376690.06858736125,4040513.3406730187,4040513.3406730187,1825762.8157032828,1825762.8157032828,393858.5007575389,393858.5007575389,157512.20454131492,157512.20454131492,291378.3587522377,291378.3587522377
13,0.25971597,8632.487129668763,15871332.710411528,1671.8499160337603,7026531.752536951,21.45607289187743,1112876.6176529715,0.3006521884711723,212295.4104394063,0.00688883549607097,287659.5394816339,8543468.18782803,8543468.18782803,4215234.204094712,4215234.204094712,1040967.6669738363,1040967.6669738363,493070.1923076919,493070.1923076919,561574.6624464117,561574.6624464117,2432445.697515656,2432445.697515656,1308671.626080155,1308671.626080155,380160.20781533635,380160.20781533635,116429.52462104756,116429.52462104756,281256.57790108334,281256.57790108334,15956938.63729243,15956938.63729243,7160076.947053849,7160076.947053849,1205330.9828119744,1205330.9828119744,253386.63255604802,253386.63255604802,301352.054869889,301352.054869889,3903430.61495044,3903430.61495044,1712724.3681842885,1712724.3681842885,417833.1191885651,417833.1191885651,181481.45305847155,181481.45305847155,263954.7100992801,263954.7100992801
14,0.2796941,9261.502499977729,14138669.419911409,1824.457469677174,6673835.470611381,23.578102078986255,948513.3018149968,0.348756538626559,236264.24710191926,0.00947214880709761,243140.80122852395,8060650.947554004,8060650.947554004,3927598.401378268,3927598.401378268,975907.1877879743,975907.1877879743,417740.0240384624,417740.0240384624,455423.3543010546,455423.3543010546,2405034.273064699,2405034.273064699,1229879.0946814097,1229879.0946814097,345912.05598869873,345912.05598869873,106156.17307328345,106156.17307328345,226377.24562770122,226377.24562770122,14998152.62475125,14998152.62475125,6519744.862357975,6519744.862357975,986179.8950279763,986179.8950279763,219145.19572414967,219145.19572414967,297927.59970091376,297927.59970091376,3451057.620065929,3451057.620065929,1750401.6950586059,1750401.6950586059,325361.37019101036,325361.37019101036,130118.77766456454,130118.77766456454,215962.94462668372,215962.94462668372
15,0.29967225,9962.40534117915,13494913.098539807,1835.8460930833933,5865715.834354676,24.28544514135577,883452.822629128,0.31267827601001924,205447.17139297383,0.009472148807097585,215744.65461122547,7755893.966104404,7755893.966104404,3588599.0624624356,3588599.0624624356,1037543.4312272118,1037543.4312272118,328713.4615384612,328713.4615384612,356120.51764894393,356120.51764894393,2220034.9464649926,2220034.9464649926,1199046.4711378643,1199046.4711378643,325362.3400221347,325362.3400221347,99307.38771371676,99307.38771371676,168068.20594690822,168068.20594690822,13429852.647094613,13429852.647094613,6160200.108919118,6160200.108919118,972482.9520414793,972482.9520414793,171207.18415949194,171207.18415949194,202042.85496958465,202042.85496958465,3331110.2350586723,3331110.2350586723,1448962.6555964584,1448962.6555964584,308237.0875493783,308237.0875493783,78756.10227065746,78756.10227065746,191967.06189038555,191967.06189038555
16,0.31965038,10417.692656831352,12385460.71489939,1906.4555582019852,5287019.993136965,22.163415954247014,828665.0506831356,0.2525478383157848,167781.8566375953,0.007534663823827624,226018.20959271237,7533318.642573815,7533318.642573815,3763235.085540283,3763235.085540283,866331.6438959887,866331.6438959887,243110.99759615364,243110.99759615364,349272.0461556951,349272.0461556951,1942527.682090718,1942527.682090718,1188767.1577220256,1188767.1577220256,304813.5938910316,304813.5938910316,113005.12683807558,113005.12683807558,164637.99682014636,164637.99682014636,12584066.414602933,12584066.414602933,5547261.910199538,5547261.910199538,934816.358828605,934816.358828605,157510.60942673258,157510.60942673258,246560.7721662728,246560.7721662728,3183746.304906899,3183746.304906899,1404433.9819111165,1404433.9819111165,311662.4085750772,311662.4085750772,99301.17242822029,99301.17242822029,205678.68806200856,205678.68806200856
17,0.33962855,11280.342307540792,11053433.00738049,2090.9512573828283,4924051.00397084,27.350598411624052,794422.6932168928,0.22849566323809037,130116.54188221638,0.009041596588593173,160952.3613766285,7177198.124924891,7177198.124924891,3520114.347529956,3520114.347529956,790998.4574702526,790998.4574702526,212294.11057692353,212294.11057692353,232848.030770464,232848.030770464,1928826.6587342452,1928826.6587342452,1068864.2828428962,1068864.2828428962,243165.53833233227,243165.53833233227,95882.99503393343,95882.99503393343,147488.20548471445,147488.20548471445,11693765.117243271,11693765.117243271,4995959.954926621,4995959.954926621,790998.457470356,790998.457470356,191752.046258631,191752.046258631,191769.4894626572,191769.4894626572,2851320.6950296448,2851320.6950296448,1455813.5428569615,1455813.5428569615,263713.95268113475,263713.95268113475,112998.05425074187,112998.05425074187,198823.02838647072,198823.02838647072
18,0.35960668,12352.663748353223,10772645.675718376,2311.890551463579,4728869.566400356,28.05794147399356,708816.7995512771,0.20444348816039717,136964.7809286492,0.008395768260836496,140405.25141365465,6762865.599583311,6762865.599583311,3201660.4230938707,3201660.4230938707,606089.7271525298,606089.7271525298,212294.1105769229,212294.1105769229,243120.73801033676,243120.73801033676,1829470.5154081895,1829470.5154081895,1116826.141688411,1116826.141688411,250015.64442747532,250015.64442747532,109580.5657530668,109580.5657530668,137198.33068345528,137198.33068345528,11121917.74547764,11121917.74547764,4838445.11056293,4838445.11056293,681422.9135783605,681422.9135783605,181479.61520906145,181479.61520906145,184920.57912470464,184920.57912470464,2954137.1449701297,2954137.1449701297,1373604.9432837996,1373604.9432837996,253439.38309615545,253439.38309615545,58211.032113094654,58211.032113094654,147403.2796658317,147403.2796658317
19,0.37958482,13047.57596698027,9830980.843924839,2259.502883794952,4591900.136526353,27.822160453203697,636907.8488721639,0.31267827601001835,123268.30283578394,0.007534663823827645,174650.43468527775,6625896.169718333,6625896.169718333,3222205.8375736177,3222205.8375736177,630059.3773789009,630059.3773789009,219142.3076923075,219142.3076923075,263666.1524900835,263666.1524900835,1808917.3637862904,1808917.3637862904,914701.1651251708,914701.1651251708,273989.3389660082,273989.3389660082,85609.94457429968,85609.94457429968,185218.02288026622,185218.02288026622,10043283.481368817,10043283.481368817,4365900.577471858,4365900.577471858,715665.2710446077,715665.2710446077,140389.8910107834,140389.8910107834,167798.30327982458,167798.30327982458,2491478.540007875,2491478.540007875,1318795.7976468946,1318795.7976468946,222615.67434121764,222615.67434121764,65059.38883228227,65059.38883228227,171399.1624021299,171399.1624021299
20,0.39956295,13904.234995115337,9221466.880073005,2466.7758297882315,4119355.60346099,27.114817390834187,650604.7918586603,0.2525478383157848,154085.37854473037,0.007319387714575406,164376.87970379082,6122533.5149645535,6122533.5149645535,2893479.2058976777,2893479.2058976777,609513.9628991558,609513.9628991558,178053.12500000035,178053.12500000035,130120.9583717299,130120.9583717299,1819192.5911643237,1819192.5911643237,955809.9049119457,955809.9049119457,178093.33575655773,178093.33575655773,82185.42431480007,82185.42431480007,154348.1220188872,154348.1220188872,9118739.8264184,9118739.8264184,4050870.888744477,4050870.888744477,770453.0429906085,770453.0429906085,112996.74154526468,112996.74154526468,116431.47574518468,116431.47574518468,2587436.4480136805,2587436.4480136805,1157801.672892579,1157801.672892579,222616.00612505517,222616.00612505517,78756.10227065746,78756.10227065746,133691.34667366138,133691.34667366138
21,0.4195411,14341.550443044429,8796861.646827905,2569.2734404442526,4033749.7097897306,33.95246699374011,561574.6624464241,0.2525478383157841,95875.34665005446,0.00904159658859315,130131.69643216772,6016382.206819179,6016382.206819179,2917448.856124041,2917448.856124041,530756.5407267914,530756.5407267914,195173.61778846133,195173.61778846133,171211.78733122305,171211.78733122305,1606782.1567910882,1606782.1567910882,897571.9298232013,897571.9298232013,167818.47011668002,167818.47011668002,37668.31947761671,37668.31947761671,116618.58108093697,116618.58108093697,8694134.59229302,8694134.59229302,3787204.736222647,3787204.736222647,667725.9705918588,667725.9705918588,95876.0231293155,95876.0231293155,160949.39294187256,160949.39294187256,2368104.0868575536,2368104.0868575536,1106418.2925712909,1106418.2925712909,215765.96128456475,215765.96128456475,75331.92391106367,75331.92391106367,130263.16910593871,130263.16910593871
22,0.43951926,15929.065425252773,8112014.496432583,2719.6032694064243,3687901.899357854,31.123094744261763,592392.7841660432,0.3006521884711723,85602.98808040553,0.007104111605323208,126707.17810500543,5543837.673785002,5543837.673785002,2667479.646620455,2667479.646620455,571847.3696862852,571847.3696862852,150660.33653846142,150660.33653846142,143817.90135822733,143817.90135822733,1507431.1364885753,1507431.1364885753,791370.6709509905,791370.6709509905,171243.59207361322,171243.59207361322,95883.13792321563,95883.13792321563,130338.4141492825,130338.4141492825,7964772.37560991,7964772.37560991,3811174.3864519047,3811174.3864519047,626635.1416323617,626635.1416323617,109572.59786207484,109572.59786207484,102733.65506928034,102733.65506928034,2333833.4054269088,2333833.4054269088,1024209.1721742047,1024209.1721742047,239739.95698284975,239739.95698284975,68483.56719187606,68483.56719187606,123407.39692953356,123407.39692953356
23,0.4594974,16216.61530882254,7899711.8798100315,2746.9359655813555,3547508.2337369784,32.066218827421295,534180.7764734263,0.2645739258546317,92451.22712683822,0.00495135051280101,133556.21475933044,5410292.479666664,5410292.479666664,2746237.0687928256,2746237.0687928256,482817.2402740504,482817.2402740504,133539.84375000023,133539.84375000023,150666.3728514767,150666.3728514767,1582800.3335554,1582800.3335554,825627.9106945478,825627.9106945478,147269.2696942294,147269.2696942294,44517.10483718338,44517.10483718338,123478.68192017749,123478.68192017749,7838075.652524135,7838075.652524135,3550932.469677112,3550932.469677112,537605.0122201135,537605.0122201135,116420.88522845416,116420.88522845416,126704.84125211278,126704.84125211278,2279000.3151378776,2279000.3151378776,1024207.6454452506,1024207.6454452506,195217.11306350993,195217.11306350993,47938.497034313245,47938.497034313245,109695.46393736317,109695.46393736317
24,0.47947553,17241.011769040044,7338137.216485849,2831.2117787874167,3475599.283053121,37.01762026400831,513635.3619936807,0.2405217507769372,123268.3028357843,0.006888835496070989,92461.99483338236,5108959.733963694,5108959.733963694,2595570.6959413416,2595570.6959413416,441726.41131455556,441726.41131455556,123267.54807692298,123267.54807692298,99302.83665210937,99302.83665210937,1514283.0961998869,1514283.0961998869,798222.3650717782,798222.3650717782,123295.3862930015,123295.3862930015,41092.712157400034,41092.712157400034,99468.78974550507,99468.78974550507,7564136.791798062,7564136.791798062,3328357.146119723,3328357.146119723,558150.4266998615,558150.4266998615,126693.31627802401,126693.31627802401,116431.47574518439,116431.47574518439,2282427.3832809418,2282427.3832809418,983103.7873377816,983103.7873377816,181517.3960013005,181517.3960013005,47938.497034313245,47938.497034313245,126835.38017757615,126835.38017757615
25,0.49945366,18265.40822925745,6886138.097224976,3186.5368290616307,3283842.08122951,38.19652536795772,493089.94751393335,0.31267827601001835,82178.8685571893,0.007534663823827624,71914.88487040848,4780233.102287748,4780233.102287748,2297662.185985014,2297662.185985014,469120.29728755116,469120.29728755116,109571.15384615376,109571.15384615376,92454.36515886046,92454.36515886046,1500576.9396044703,1500576.9396044703,722852.6521018657,722852.6521018657,160968.97654919644,160968.97654919644,44517.171178635836,44517.171178635836,120048.53934802335,120048.53934802335,6821077.63207865,6821077.63207865,3307811.7316375026,3307811.7316375026,534180.7764734871,534180.7764734871,102724.31049569514,102724.31049569514,106158.11023825635,106158.11023825635,2196753.9558304567,2196753.9558304567,928296.6075558842,928296.6075558842,174667.94326735096,174667.94326735096,34241.78359593803,34241.78359593803,95983.38776227062,95983.38776227062
26,0.5194318,19691.176401957884,6276624.133373104,3384.6988763299373,3098933.3508995892,40.318554555066484,520483.83348692674,0.4088869763207955,65058.27094110819,0.005812454949809881,85612.95817905772,4636415.200929521,4636415.200929521,2400389.258383747,2400389.258383747,390362.87511518854,390362.87511518854,112995.25240384607,112995.25240384607,92454.36515886046,92454.36515886046,1517706.8133442472,1517706.8133442472,681744.5813750091,681744.5813750091,174668.46391508548,174668.46391508548,41092.77339566384,41092.77339566384,72029.23112010353,72029.23112010353,6591653.836220565,6591653.836220565,2965388.156933827,2965388.156933827,479393.0045274911,479393.0045274911,109572.59786207484,109572.59786207484,116431.47574518439,116431.47574518439,2049386.7495525575,2049386.7495525575,938571.5546889589,938571.5546889589,164392.86835079562,164392.86835079562,44514.385007868004,44514.385007868004,106267.63921374302,106267.63921374302
27,0.53940994,20751.516597621452,6184169.768069735,3573.7500248732463,2914024.620569653,37.72496332637779,482817.2402740597,0.20444348816039665,116420.06378935216,0.005166626622053227,89037.47650622003,4550809.307263909,4550809.307263909,2167541.2276132843,2167541.2276132843,414332.5253415598,414332.5253415598,136963.94230769217,136963.94230769217,112999.77963860723,112999.77963860723,1325856.1808247797,1325856.1808247797,688594.2325709716,688594.2325709716,157543.6351038852,157543.6351038852,37668.263342708866,37668.263342708866,75458.96924536192,75458.96924536192,6266351.439108416,6266351.439108416,2821570.255558284,2821570.255558284,462271.8257943638,462271.8257943638,109572.59786207484,109572.59786207484,75338.01371747225,75338.01371747225,2131636.384986105,2131636.384986105,955698.7728402172,955698.7728402172,154118.77347119205,154118.77347119205,47938.4255988277,47938.4255988277,51419.67201550214,51419.67201550214
28,0.5593881,21668.081851500352,6187594.003821745,3735.468477241654,2931145.799303921,46.448861095602915,451999.1185544389,0.31267827601001835,54785.91237145954,0.007104111605323189,75339.40319757079,4252900.797307604,4252900.797307604,1996329.4402820717,1996329.4402820717,383514.4036219418,383514.4036219418,89026.56250000042,89026.56250000042,89030.12941223649,89030.12941223649,1435483.4193933175,1435483.4193933175,849611.3375929763,849611.3375929763,92471.53971975113,92471.53971975113,41092.77339566384,41092.77339566384,85749.08466678992,85749.08466678992,5893109.741369139,5893109.741369139,3040721.343368636,3040721.343368636,530756.5407268623,530756.5407268623,102724.31049569514,102724.31049569514,106158.11023825694,106158.11023825694,1973991.2504051393,1973991.2504051393,852935.4639326669,852935.4639326669,150693.91183849887,150693.91183849887,41090.20154572432,41090.20154572432,71987.75559640655,71987.75559640655
29,0.5793662,22746.393914887027,5564383.096961972,3963.240945366145,2677752.354036993,46.21308007481305,441726.4113145653,0.348756538626559,102723.58569648663,0.007965216042332104,75339.40319757079,3972113.466084375,3972113.466084375,2143571.5773869124,2143571.5773869124,349272.0461556951,349272.0461556951,71906.06971153841,71906.06971153841,78757.42217236261,78757.42217236261,1432057.4446453622,1432057.4446453622,781091.9653043855,781091.9653043855,126720.25813447378,126720.25813447378,20546.38669783192,20546.38669783192,34299.633866715965,34299.633866715965,5855443.148019342,5855443.148019342,2872933.791763835,2872933.791763835,503362.6547538628,503362.6547538628,82179.44839655611,82179.44839655611,71913.55854849625,71913.55854849625,2097365.70355546,2097365.70355546,839233.6894116602,839233.6894116602,167817.7197747705,167817.7197747705,20545.039542354727,20545.039542354727,65131.584552969354,65131.584552969354
30,0.5993444,24513.627574326634,5550686.153954096,4402.8418088463895,2828418.7268983945,65.0755617380017,441726.4113145629,0.2766000133934792,85602.98808040601,0.008611044370088711,85612.95817905772,3506417.4045434487,3506417.4045434487,1992905.2045354368,1992905.2045354368,386938.6393685641,386938.6393685641,85602.46394230762,85602.46394230762,85605.89366561153,85605.89366561153,1315574.3032148783,1315574.3032148783,678316.7067117032,678316.7067117032,150694.36102477962,150694.36102477962,34243.87576609897,34243.87576609897,75458.96924536192,75458.96924536192,5471928.743002838,5471928.743002838,2633237.289471262,2633237.289471262,465696.0615409913,465696.0615409913,92451.87944612565,92451.87944612565,102733.65506928034,102733.65506928034,2021970.204408042,2021970.204408042,887192.545207682,887192.545207682,150693.91183849887,150693.91183849887,34241.83462143694,34241.83462143694,71987.54082170298,71987.54082170298
31,0.61932254,25573.967769990184,4992535.726381879,4655.669248464599,2605843.403353135,52.34338661534947,462271.8257943125,0.2886261009323246,61634.15141789197,0.008826320479340932,85612.95817905772,3396841.8606514656,3396841.8606514656,1996329.440282061,1996329.440282061,393787.110861813,393787.110861813,44513.28124999996,44513.28124999996,61636.2434392403,61636.2434392403,1264188.4514840925,1264188.4514840925,606375.8336853096,606375.8336853096,167818.22000196468,167818.22000196468,34243.977829719865,34243.977829719865,78889.15789344674,78889.15789344674,5266474.59745833,5266474.59745833,2616116.1107360786,2616116.1107360786,475968.7687808635,475968.7687808635,78755.30471336629,78755.30471336629,54791.282703616176,54791.282703616176,1812919.0476811086,1812919.0476811086,918018.8929074486,918018.8929074486,123294.6512630967,123294.6512630967,41090.079084709454,41090.079084709454,71987.75559640655,71987.75559640655
32,0.63930064,27203.41711021912,5225383.757516288,5172.712751107193,2568176.8101377813,70.49852521616889,475968.76878081064,0.4449652389373338,89027.10760362174,0.007965216042332059,71914.88487040848,2958539.6850835346,2958539.6850835346,1907299.3108698248,1907299.3108698248,349272.0461556951,349272.0461556951,65057.8725961538,65057.8725961538,58212.00769261584,58212.00769261584,1332704.1769546552,1332704.1769546552,654335.8130400775,654335.8130400775,133570.0018174183,133570.0018174183,47941.568961607816,47941.568961607816,58309.20350777965,58309.20350777965,5235656.47562665,5235656.47562665,2646934.23245941,2646934.23245941,503362.6547538628,503362.6547538628,99300.16681250533,99300.16681250533,82186.92405542427,82186.92405542427,1973991.2504051393,1973991.2504051393,890615.3438654355,890615.3438654355,157543.6351038852,157543.6351038852,34241.83462143694,34241.83462143694,75415.51895606978,75415.51895606978
33,0.6592788,28796.922715001983,5037050.791157604,5446.039712856552,2434631.616010603,69.08383909142933,376665.932128697,0.38483480124310165,54785.91237145985,0.007749939933079843,65065.84821608386,2961963.920830159,2961963.920830159,1712117.8733122307,1712117.8733122307,263666.1524900835,263666.1524900835,37665.084134615354,37665.084134615354,27393.885972995693,27393.885972995693,1264184.681995547,1264184.681995547,613225.7096030046,613225.7096030046,106171.02708564019,106171.02708564019,27395.10061287918,27395.10061287918,68599.26773343193,68599.26773343193,4656960.6323428415,4656960.6323428415,2441480.0876372037,2441480.0876372037,469120.29728761635,469120.29728761635,65058.72998060694,65058.72998060694,75338.01371747225,75338.01371747225,2004834.8636927193,2004834.8636927193,880339.0129746804,880339.0129746804,154118.77347119205,154118.77347119205,44514.252341768566,44514.252341768566,78843.73231987383,78843.73231987383
34,0.6792569,30306.55960374334,4787081.581263283,6045.081304023994,2564752.5743909315,76.39305073591544,404059.8181016954,0.38483480124309943,61634.15141789197,0.008395768260836541,71914.88487040848,3883083.336672139,3883083.336672139,2434631.6158499923,2434631.6158499923,404059.81810168637,404059.81810168637,71906.06971153841,71906.06971153841,68484.71493248922,68484.71493248922,1295018.4547271454,1295018.4547271454,668041.1727041547,668041.1727041547,123295.3862930015,123295.3862930015,54790.364527551785,54790.364527551785,68599.26773343193,68599.26773343193,4776808.8839105135,4776808.8839105135,2451752.7948783147,2451752.7948783147,448574.8828078641,448574.8828078641,75331.16103017644,75331.16103017644,89035.83439337631,89035.83439337631,2093938.6354123957,2093938.6354123957,931723.4451601912,931723.4451601912,154118.3140788709,154118.3140788709,20545.10077286216,20545.10077286216,41135.737612401696,41135.737612401696
35,0.6992351,31312.984196237856,4653536.386936223,6728.398708397467,2492843.623707073,85.58851054672007,431453.70407469175,0.5411739392481087,75330.62951075684,0.01184018600887198,78763.92152473312,1133422.0321327029,1133422.0321327029,804695.4004567529,804695.4004567529,147242.13710485265,147242.13710485265,30816.887019230915,30816.887019230915,10272.70723987344,10272.70723987344,1247058.526667235,1247058.526667235,692020.0745240609,692020.0745240609,154118.77347119205,154118.77347119205,41092.77339566384,41092.77339566384,44589.390917713856,44589.390917713856,4567930.502606876,4567930.502606876,2646934.23245941,2646934.23245941,520483.83348698745,520483.83348698745,85603.59207974597,85603.59207974597,44517.917196688395,44517.917196688395,1939720.5689744942,1939720.5689744942,918018.8929074486,918018.8929074486,126719.88040964678,126719.88040964678,41090.079084709454,41090.079084709454,47991.69388113531,47991.69388113531
36,0.71921325,33409.70209726757,4383021.762530046,7311.496226796124,2516813.2739350116,97.61334260700252,407484.05384831986,0.6614348146365773,75330.62951075728,0.009472148807097585,92461.99483338236,2092208.0411875458,2092208.0411875458,1575148.443447252,1575148.443447252,253393.44525021015,253393.44525021015,51361.47836538457,51361.47836538457,41090.828959493534,41090.828959493534,1370389.8991821646,1370389.8991821646,681742.5486647927,681742.5486647927,116445.642610057,116445.642610057,30819.488189489075,30819.488189489075,65169.30434676034,65169.30434676034,4482324.60863001,4482324.60863001,2424358.90890202,2424358.90890202,513635.36199373764,513635.36199373764,65058.72998060694,65058.72998060694,89035.83439337631,89035.83439337631,1871179.2061132046,1871179.2061132046,839233.6894116602,839233.6894116602,126719.88040964678,126719.88040964678,41090.20154572432,41090.20154572432,54847.813787738334,54847.813787738334
37,0.73919135,35458.49501770268,4472051.892081437,8265.862868237782,2520237.509681876,106.10145935543812,438302.1755679383,0.4449652389373363,68482.39046432443,0.00688883549607097,58216.81156175925,2075086.8624544237,2075086.8624544237,1421057.8348491515,1421057.8348491515,294484.27420970367,294484.27420970367,41089.18269230765,41089.18269230765,41090.828959493534,41090.828959493534,1305296.3789710116,1305296.3789710116,633782.6510270186,633782.6510270186,126720.25813447378,126720.25813447378,23970.784480803908,23970.784480803908,34299.633866715965,34299.633866715965,4389870.243134943,4389870.243134943,2571601.0460246005,2571601.0460246005,469120.29728761635,469120.29728761635,99300.16681250533,99300.16681250533,61640.1930415682,61640.1930415682,2025397.2725511065,2025397.2725511065,883764.4566049319,883764.4566049319,143843.75980694615,143843.75980694615,27393.467697149546,27393.467697149546,44563.71574676851,44563.71574676851
38,0.7591695,37734.93159596349,4174143.381659496,9318.171670972932,2451752.7947448683,122.37034978993863,428029.46832806716,0.5892782894034961,65058.27094110819,0.00904159658859315,85612.95817905772,1855935.7746704577,1855935.7746704577,1253270.283264553,1253270.283264553,311605.45294282597,311605.45294282597,44513.28124999996,44513.28124999996,6848.471493248923,6848.471493248923,1329278.2022066994,1329278.2022066994,637206.6032746303,637206.6032746303,160968.97654919644,160968.97654919644,23970.784480803908,23970.784480803908,34299.5314751645,34299.5314751645,4122779.853927068,4122779.853927068,2318207.600743881,2318207.600743881,486241.4760207382,486241.4760207382,89027.73576293579,89027.73576293579,47942.37236566415,47942.37236566415,2090511.5672693313,2090511.5672693313,784426.5913276334,784426.5913276334,136994.46530772626,136994.46530772626,41090.079084709454,41090.079084709454,51419.82542600469,51419.82542600469
39,0.7791476,41401.19261147884,4242628.096699004,10680.251030357387,2410661.9657826643,138.6392402244384,458847.59004768793,0.8899304778746676,78754.74903397309,0.011624909899619826,47943.25658027232,1660754.3371128633,1660754.3371128633,1208755.218558435,1208755.218558435,291060.0384630792,291060.0384630792,54785.57692307688,54785.57692307688,10272.707239873384,10272.707239873384,1226502.6168870055,1226502.6168870055,633780.761321541,633780.761321541,140419.3269404194,140419.3269404194,17121.937883049486,17121.937883049486,37729.59725338757,37729.59725338757,4174143.390313179,4174143.390313179,2441480.0876372037,2441480.0876372037,482817.24027411337,482817.24027411337,51362.15524784757,51362.15524784757,61640.1930415682,61640.1930415682,1980845.386691268,1980845.386691268,904319.8144201855,904319.8144201855,154118.77347119205,154118.77347119205,30817.65115929324,30817.65115929324,44563.71574676851,44563.71574676851
40,0.7991258,43857.34786697075,4218658.446435192,11932.999605042025,2307934.8933771397,172.59170721817935,441726.4113145629,0.8418261277192849,71906.50998754102,0.008826320479340932,54792.293234596946,2451752.7945831143,2451752.7945831143,1527209.1429945098,1527209.1429945098,397211.3466084375,397211.3466084375,78754.26682692302,78754.26682692302,54787.771945991386,54787.771945991386,1243628.8335078144,1243628.8335078144,705725.5465490044,705725.5465490044,133570.0018174183,133570.0018174183,30819.580046747888,30819.580046747888,27439.625180131603,27439.625180131603,4085113.260577236,4085113.260577236,2485995.152348682,2485995.152348682,458847.5900477415,458847.5900477415,95876.0231293155,95876.0231293155,61640.1930415682,61640.1930415682,2021976.2353512463,2021976.2353512463,924869.7801679522,924869.7801679522,116444.94841514688,116444.94841514688,20545.039542354727,20545.039542354727,23995.846940567655,23995.846940567655
41,0.81910396,46349.44685790938,4280294.689970748,13828.066539837855,2472298.2092259713,202.30011583770198,506786.8905004315,1.2386870165012267,99299.4661732704,0.011409633790367546,51367.77490743462,753331.8642573856,753331.8642573856,499938.4190071741,499938.4190071741,106151.30814535888,106151.30814535888,27392.78846153859,27392.78846153859,3424.2357466244803,3424.2357466244803,1414927.570905585,1414927.570905585,746833.5457734916,746833.5457734916,136994.87365889054,136994.87365889054,17121.988914859932,17121.988914859932,37729.59725338757,37729.59725338757,4174143.390313179,4174143.390313179,2355874.193961285,2355874.193961285,496514.183260613,496514.183260613,112996.74154526468,112996.74154526468,47942.372365664436,47942.372365664436,2128209.3168430408,2128209.3168430408,996804.0964032373,996804.0964032373,202066.83632889623,202066.83632889623,30817.65115929324,30817.65115929324,34279.88361733646,34279.88361733646
42,0.83908206,50734.582582348754,4143325.2598916832,15750.46617080856,2588722.2246188833,264.0747432846445,469120.2972875616,1.2627391915789203,99299.4661732704,0.011194357681115326,58216.81156175925,1287512.6407307973,1287512.6407307973,1003301.0737609672,1003301.0737609672,280787.33122320584,280787.33122320584,30816.887019230744,30816.887019230744,20545.414479746767,20545.414479746767,1425205.495149451,1425205.495149451,832482.0767544082,832482.0767544082,126720.25813447378,126720.25813447378,17121.937883049486,17121.937883049486,75459.19450677514,75459.19450677514,4177567.626072278,4177567.626072278,2506540.5668309024,2506540.5668309024,534180.7764734871,534180.7764734871,82179.44839655611,82179.44839655611,85611.37922440028,85611.37922440028,2261864.974422555,2261864.974422555,1120120.0670922974,1120120.0670922974,164393.35836927147,164393.35836927147,30817.559313532085,30817.559313532085,47991.69388113531,47991.69388113531
43,0.8590602,55245.5213808505,3996083.1225567115,19023.556537757395,2616116.1105936724,326.79249481474943,489665.7117673089,1.6836522554385602,89027.10760362225,0.015069327647655248,106160.0681420316,1260118.7547578018,1260118.7547578018,828665.0506831196,828665.0506831196,222575.32353059,222575.32353059,34240.98557692304,34240.98557692304,10272.707239873384,10272.707239873384,1435487.6996526686,1435487.6996526686,767388.5974920279,767388.5974920279,157543.6351038852,157543.6351038852,34243.977829719865,34243.977829719865,30869.578327648054,30869.578327648054,4074840.5532999863,4074840.5532999863,2711994.7116531073,2711994.7116531073,510211.12624711264,510211.12624711264,112996.74154526468,112996.74154526468,61640.1930415682,61640.1930415682,2347541.677999167,2347541.677999167,1209185.206402748,1209185.206402748,171242.57119874543,171242.57119874543,17120.91731071847,17120.91731071847,65131.77887293926,65131.77887293926
44,0.87903833,61409.87200987805,4249476.5682029575,22631.472432849434,2732540.1259865994,420.6333410891147,561574.662446421,2.2007740196089878,116420.06378935152,0.017006812630925208,44518.738253110016,1253270.283264553,1253270.283264553,794422.693216875,794422.693216875,253393.44525021015,253393.44525021015,23968.689903846138,23968.689903846138,23969.65022637123,23969.65022637123,1733543.2224654383,1733543.2224654383,870163.8560847103,870163.8560847103,126720.25813447378,126720.25813447378,34243.977829719865,34243.977829719865,65169.30434676034,65169.30434676034,4273446.227326396,4273446.227326396,2657206.939700519,2657206.939700519,640332.0846188632,640332.0846188632,92451.87944612565,92451.87944612565,85611.37922440028,85611.37922440028,2203604.8159904596,2203604.8159904596,1037909.4199662573,1037909.4199662573,157543.6351038852,157543.6351038852,23969.21279941385,23969.21279941385,61703.606418602554,61703.606418602554
45,0.8990165,67873.75376762483,4321385.518994491,27132.25640298938,3023600.164468881,601.0058219933561,667725.9705917847,2.826130571629012,68482.39046432443,0.01765264095868196,75339.40319757079,1099179.674666452,1099179.674666452,677998.6778316433,677998.6778316433,236272.26651708782,236272.26651708782,23968.689903846138,23968.689903846138,30818.12171962015,30818.12171962015,1617060.0810349542,1617060.0810349542,859888.894096117,859888.894096117,140419.74550036283,140419.74550036283,27395.10061287918,27395.10061287918,24009.743706701178,24009.743706701178,4314537.05643528,4314537.05643528,2876358.027510871,2876358.027510871,739634.9212709822,739634.9212709822,140389.8910107834,140389.8910107834,58215.737872592195,58215.737872592195,2505186.812580133,2505186.812580133,1226308.8196300992,1226308.8196300992,150693.46265489593,150693.46265489593,30817.65115929324,30817.65115929324,44563.71574676851,44563.71574676851
46,0.91899467,80531.93926727056,4564506.257384803,33981.37451949264,3102357.5866464223,957.2709444068416,746483.3927641491,4.413574126756797,116420.06378935216,0.027340065875031662,37669.701598785396,1499815.2570215142,1499815.2570215142,1133422.0321326966,1133422.0321326966,393787.110861813,393787.110861813,54785.57692307688,54785.57692307688,37666.59321286908,37666.59321286908,1805488.692172502,1805488.692172502,1003771.6922551973,1003771.6922551973,164393.8483906687,164393.8483906687,44517.171178635836,44517.171178635836,30869.578327648054,30869.578327648054,4424112.600725723,4424112.600725723,3253023.959684914,3253023.959684914,708816.7995513579,708816.7995513579,95876.0231293155,95876.0231293155,44517.917196688155,44517.917196688155,2491478.540007875,2491478.540007875,1411282.7756636897,1411282.7756636897,246590.03755390726,246590.03755390726,37665.90582765033,37665.90582765033,20567.930170401873,20567.930170401873
47,0.9389728,93291.96535068098,4434385.298809718,45007.83970139944,3674204.9563704534,1666.500254942748,873180.1153892522,7.492252536701634,112995.9442661353,0.0411177368671736,37669.7015987856,397211.34660843975,397211.34660843975,301332.7457029543,301332.7457029543,136969.42986497923,136969.42986497923,30816.887019230915,30816.887019230915,6848.4714932489605,6848.4714932489605,2048739.0080961713,2048739.0080961713,1171637.9479565783,1171637.9479565783,250014.89918660035,250014.89918660035,27395.182263775892,27395.182263775892,24009.743706701178,24009.743706701178,4424112.600725723,4424112.600725723,3646811.070594141,3646811.070594141,958786.0090549822,958786.0090549822,99300.16681250476,99300.16681250476,30820.09652078427,30820.09652078427,2666259.015304163,2666259.015304163,1637366.9367153356,1637366.9367153356,284263.515513532,284263.515513532,27393.467697149546,27393.467697149546,34279.78134366808,34279.78134366808
48,0.95895094,120129.95448386413,5489049.910418486,63407.29967649584,4862414.760527532,4036.335294901633,1085482.7316799783,18.25560088396953,106147.70521970284,0.06974945939771857,71914.88487040848,890301.29412236,890301.29412236,660877.499098521,660877.499098521,208878.38054409213,208878.38054409213,23968.689903846138,23968.689903846138,13696.942986497847,13696.942986497847,2271421.2578944378,2271421.2578944378,1353211.6062468777,1353211.6062468777,325362.8249398651,325362.8249398651,30819.488189489075,30819.488189489075,44589.390917713856,44589.390917713856,5663685.945511074,5663685.945511074,4858990.525045151,4858990.525045151,1126573.560639598,1126573.560639598,167783.0404763021,167783.0404763021,68489.10337952022,68489.10337952022,2560019.902869165,2560019.902869165,1657914.71704181,1657914.71704181,414407.0223009639,414407.0223009639,37665.90582765033,37665.90582765033,41135.860340803745,41135.860340803745
49,0.97892904,255883.45264168817,9594708.577038428,190098.90189669922,10868524.26050303,48551.08467696533,3650235.3059017565,2990.7677100358255,321867.2351823248,53.12799100235514,116433.6231235185,893725.5298689844,893725.5298689844,818392.3434432462,818392.3434432462,397211.3466084375,397211.3466084375,30816.887019230744,30816.887019230744,20545.414479746767,20545.414479746767,1983639.3790661832,1983639.3790661832,1627274.9277174699,1627274.9277174699,678124.6246115083,678124.6246115083,95883.13792321563,95883.13792321563,58309.37757341714,58309.37757341714,9632375.190279717,9632375.190279717,11002069.455229083,11002069.455229083,3667356.484635286,3667356.484635286,321869.5062198448,321869.5062198448,116431.47574518439,116431.47574518439,1898595.7512577204,1898595.7512577204,2044989.8472602498,2044989.8472602498,876764.577969448,876764.577969448,116422.23771288556,116422.23771288556,61703.606418602554,61703.606418602554
